Categoria,Top,Titulo,Autor,ISBN,Sinopsis,Paginas,Anio,Enlace_Amazon
Negocios y Emprendimiento,Top 9 libros para emprendedores principiantes,El Emprendedor de Éxito,Chris Guillebeau,978-8499086761,Guía práctica para lanzar negocios con recursos mínimos y creatividad.,320,2012,https://amzn.to/3J6X1t2
Negocios y Emprendimiento,Top 9 libros para emprendedores principiantes,Lean Startup,Eric Ries,978-0307887894,Metodología para crear empresas ágiles mediante experimentación continua.,336,2011,https://amzn.to/3J6X1t2
Negocios y Emprendimiento,Top 9 libros para emprendedores principiantes,El Monje que Vendió su Ferrari,Robin Sharma,978-0062515674,Lecciones sobre liderazgo y propósito a través de una parábola motivacional.,208,1997,https://amzn.to/3J6X1t2
Negocios y Emprendimiento,Top 9 libros para emprendedores principiantes,Padre Rico, Padre Pobre,Robert Kiyosaki,978-1612681137,Enseñanzas sobre activos, pasivos y mentalidad financiera para la libertad.,336,2000,https://amzn.to/3J6X1t2
Negocios y Emprendimiento,Top 9 libros para emprendedores principiantes,Buenos Malos,Ben Horowitz,978-0062273208,Consejos brutales para sobrevivir en los momentos más difíciles del emprendimiento.,288,2014,https://amzn.to/3J6X1t2
Negocios y Emprendimiento,Top 9 libros para emprendedores principiantes,Hábitos Atómicos,James Clear,978-1847941831,Cómo construir buenos hábitos y eliminar malos con pequeños cambios diarios.,320,2018,https://amzn.to/3J6X1t2
Negocios y Emprendimiento,Top 9 libros para emprendedores principiantes,Trabaja 4 Horas a la Semana,Tim Ferriss,978-0307465351,Estrategias para automatizar ingresos y liberar tiempo mediante outsourcing.,416,2007,https://amzn.to/3J6X1t2
Negocios y Emprendimiento,Top 9 libros para emprendedores principiantes,El Arte de Empezar,Guy Kawasaki,978-1591840565,Claves para lanzar productos innovadores y crear movimientos empresariales.,304,2004,https://amzn.to/3J6X1t2
Negocios y Emprendimiento,Top 9 libros para emprendedores principiantes,El Efecto Talismán,Rhonda Byrne,978-1582702110,La ley de atracción aplicada a los negocios y la manifestación de oportunidades.,224,2006,https://amzn.to/3J6X1t2
Negocios y Emprendimiento,Top 9 libros de marketing digital,Marketing de Contenidos,Joe Pulizzi,978-1118660632,Estrategias para atraer clientes mediante contenido valioso y relevante.,320,2013,https://amzn.to/3J6X1t2
Negocios y Emprendimiento,Top 9 libros de marketing digital,Influencer,Brittany Hennessy,978-0143132072,Guía para colaborar con influencers y construir marcas personales.,288,2018,https://amzn.to/3J6X1t2
Negocios y Emprendimiento,Top 9 libros de marketing digital,Esto es Marketing,Seth Godin,978-0525540830,Marketing centrado en el cliente y en crear conexiones significativas.,256,2018,https://amzn.to/3J6X1t2
Negocios y Emprendimiento,Top 9 libros de marketing digital,Growth Hacker Marketing,Ryan Holiday,978-1591847380,Técnicas para crecer exponencialmente con bajo presupuesto.,224,2013,https://amzn.to/3J6X1t2
Negocios y Emprendimiento,Top 9 libros de marketing digital,El Libro Negro del Marketing,Jürgen Kluge,978-8498751497,Estrategias poco convencionales para destacar en mercados saturados.,352,2015,https://amzn.to/3J6X1t2
Negocios y Emprendimiento,Top 9 libros de marketing digital,SEO 2024,Adam Clarke,978-1838271687,Técnicas actualizadas para posicionamiento en buscadores y tráfico orgánico.,416,2023,https://amzn.to/3J6X1t2
Negocios y Emprendimiento,Top 9 libros de marketing digital,La Trampa Publicitaria,Martin Lindstrom,978-0743277785,Análisis de manipulación publicitaria y cómo resistirla.,384,2011,https://amzn.to/3J6X1t2
Negocios y Emprendimiento,Top 9 libros de marketing digital,Contagious,Jonah Berger,978-1451686586,Por qué algunas ideas se viralizan y cómo aplicarlo a productos.,272,2013,https://amzn.to/3J6X1t2
Negocios y Emprendimiento,Top 9 libros de marketing digital,Building a StoryBrand,Donald Miller,978-0718033323,Clarificar tu mensaje para conectar con clientes y vender más.,240,2017,https://amzn.to/3J6X1t2
Negocios y Emprendimiento,Top 9 libros sobre finanzas personales,El Dinero,Fernando Trías de Bes,978-8499086778,Psicología del dinero y cómo tomar decisiones financieras inteligentes.,304,2018,https://amzn.to/3J6X1t2
Negocios y Emprendimiento,Top 9 libros sobre finanzas personales,Invierta en Bolsa,Benjamin Graham,978-0060555665,Principios atemporales para invertir con seguridad y rentabilidad.,320,1949,https://amzn.to/3J6X1t2
Negocios y Emprendimiento,Top 9 libros sobre finanzas personales,El Secreto,Rhonda Byrne,978-1582701707,La ley de atracción aplicada a la abundancia y prosperidad.,224,2006,https://amzn.to/3J6X1t2
Negocios y Emprendimiento,Top 9 libros sobre finanzas personales,El Hombre Más Rico de Babilonia,George S. Clason,978-0451205360,Parábolas sobre ahorro, inversión y manejo del dinero a través de la historia.,144,1926,https://amzn.to/3J6X1t2
Negocios y Emprendimiento,Top 9 libros sobre finanzas personales,Piense y Hágase Rico,Napoleon Hill,978-1612680239,Mentalidad para alcanzar el éxito financiero mediante la persistencia.,256,1937,https://amzn.to/3J6X1t2
Negocios y Emprendimiento,Top 9 libros sobre finanzas personales,El Duelo,Arturo Pérez-Reverte,978-8423357986,Novela sobre ambición, poder y corrupción en el mundo financiero.,448,2020,https://amzn.to/3J6X1t2
Negocios y Emprendimiento,Top 9 libros sobre finanzas personales,La Psicología del Dinero,Morgan Housel,978-0857197689,Lecciones breves sobre comportamiento financiero y decisiones irracionales.,256,2020,https://amzn.to/3J6X1t2
Negocios y Emprendimiento,Top 9 libros sobre finanzas personales,El Inversor Inteligente,Benjamin Graham,978-0060555665,Defensiva y especulación en mercados volátiles.,640,1949,https://amzn.to/3J6X1t2
Negocios y Emprendimiento,Top 9 libros sobre finanzas personales,Rico para Siempre,Tomás Byrnes,978-8418057093,Estrategias para generar ingresos pasivos y libertad financiera.,288,2021,https://amzn.to/3J6X1t2
Desarrollo Personal,Top 9 libros para superar la procrastinación,Comezón de Moverse,Mel Robbins,978-1473661238,Técnica de los 5 segundos para vencer la indecisión y actuar.,288,2017,https://amzn.to/3J6X1t2
Desarrollo Personal,Top 9 libros para superar la procrastinación,El Arte de la Simplicidad,Dominique Loreau,978-0143009035,Minimalismo aplicado a la vida diaria para enfocarse en lo esencial.,224,2005,https://amzn.to/3J6X1t2
Desarrollo Personal,Top 9 libros para superar la procrastinación,Hábitos Atómicos,James Clear,978-1847941831,Cómo construir buenos hábitos y eliminar malos con pequeños cambios diarios.,320,2018,https://amzn.to/3J6X1t2
Desarrollo Personal,Top 9 libros para superar la procrastinación,La Sombra del Viento,Carlos Ruiz Zafón,978-0143126392,Novela sobre la pasión por los libros y la superación personal.,576,2001,https://amzn.to/3J6X1t2
Desarrollo Personal,Top 9 libros para superar la procrastinación,El Poder del Ahora,Eckhart Tolle,978-1577314806,Vivir en el presente para liberarse de ansiedades y miedos.,224,1997,https://amzn.to/3J6X1t2
Desarrollo Personal,Top 9 libros para superar la procrastinación,Minimalismo,Francine Jay,978-0345811844,Guía para deshacerse de lo innecesario và enfocarse en experiencias.,192,2016,https://amzn.to/3J6X1t2
Desarrollo Personal,Top 9 libros para superar la procrastinación,Despierta el Gigante que Dormita,Anthony Robbins,978-0743409391,Técnicas para liberar potencial interior y tomar control de la vida.,560,1991,https://amzn.to/3J6X1t2
Desarrollo Personal,Top 9 libros para superar la procrastinación,El Método,Greg McKeown,978-0804137386,La disciplina de enfocarse en lo esencial y decir "no" a lo trivial.,272,2014,https://amzn.to/3J6X1t2
Desarrollo Personal,Top 9 libros para superar la procrastinación,La Magia del Orden,Marie Kondo,978-1607747307,Método KonMari para organizar el espacio y la mente.,224,2011,https://amzn.to/3J6X1t2
Desarrollo Personal,Top 9 libros de psicología positiva,Fluir,Mihaly Csikszentmihalyi,978-0061339202,La psicología de la experiencia óptima y la felicidad.,320,1990,https://amzn.to/3J6X1t2
Desarrollo Personal,Top 9 libros de psicología positiva,Felicidad,Ed Diener,978-0071458193,Ciencia de la felicidad y cómo cultivarla en la vida diaria.,288,2008,https://amzn.to/3J6X1t2
Desarrollo Personal,Top 9 libros de psicología positiva,El Cerebro del Niño,Daniel J. Siegel,978-0553386691,Desarrollo infantil y cómo fomentar bienestar emocional.,336,2011,https://amzn.to/3J6X1t2
Desarrollo Personal,Top 9 libros de psicología positiva,Resiliente,Rick Hanson,978-0451498848,Construir fortaleza mental para superar adversidades.,320,2018,https://amzn.to/3J6X1t2
Desarrollo Personal,Top 9 libros de psicología positiva,La Felicidad es un Camino,Boris Cyrulnik,978-8499423183,Resiliencia y cómo encontrar sentido en el sufrimiento.,256,2014,https://amzn.to/3J6X1t2
Desarrollo Personal,Top 9 libros de psicología positiva,El Proyecto Happiness,Gretchen Rubin,978-0061583261,Un año de experimentos para aumentar la felicidad.,304,2009,https://amzn.to/3J6X1t2
Desarrollo Personal,Top 9 libros de psicología positiva,Optimismo,Martin Seligman,978-0671019112,Cómo cambiar el pensamiento pesimista por uno optimista.,320,1990,https://amzn.to/3J6X1t2
Desarrollo Personal,Top 9 libros de psicología positiva,La Vida Secreta del Cerebro,David Eagleman,978-0307377333,Neurociencia de las emociones y la toma de decisiones.,288,2011,https://amzn.to/3J6X1t2
Desarrollo Personal,Top 9 libros de psicología positiva,El Poder de los Hábitos,Charles Duhigg,978-0812981605,Cómo los hábitos moldean nuestras vidas y cómo cambiarlos.,400,2012,https://amzn.to/3J6X1t2
Tecnología y Futuro,Top 9 libros sobre inteligencia artificial,Superinteligencia,Nick Bostrom,978-0199678112,Riesgos y oportunidades de la IA superhumana.,352,2014,https://amzn.to/3J6X1t2
Tecnología y Futuro,Top 9 libros sobre inteligencia artificial,Vida 3.0,Max Tegmark,978-1101970317,Futuro de la IA y su impacto en la humanidad.,384,2017,https://amzn.to/3J6X1t2
Tecnología y Futuro,Top 9 libros sobre inteligencia artificial,El Fin del Empleo,Ricardo Vargas,978-8423426303,Automatización y el futuro del trabajo en la era de la IA.,304,2018,https://amzn.to/3J6X1t2
Tecnología y Futuro,Top 9 libros sobre inteligencia artificial,Homo Deus,Yuval Noah Harari,978-0062464316,El futuro de la humanidad con biotecnología e IA.,464,2015,https://amzn.to/3J6X1t2
Tecnología y Futuro,Top 9 libros sobre inteligencia artificial,AI Superpowers,Kai-Fu Lee,978-1328546395,Carrera global por el dominio de la IA entre China y EE.UU.,288,2018,https://amzn.to/3J6X1t2
Tecnología y Futuro,Top 9 libros sobre inteligencia artificial,La Cuarta Revolución Industrial,Klaus Schwab,978-1947866174,Fusión de tecnologías que transforman la economía y sociedad.,320,2016,https://amzn.to/3J6X1t2
Tecnología y Futuro,Top 9 libros sobre inteligencia artificial,Arquitectura de Sistemas,Luis Joyanes,978-6073226098,Fundamentos de diseño de sistemas complejos.,512,2019,https://amzn.to/3J6X1t2
Tecnología y Futuro,Top 9 libros sobre inteligencia artificial,Deep Learning,Ian Goodfellow,978-0262035613,Introducción a redes neuronales y aprendizaje profundo.,800,2016,https://amzn.to/3J6X1t2
Tecnología y Futuro,Top 9 libros sobre inteligencia artificial,El Futuro de la Humanidad,Michio Kaku,978-0385542760,Predicciones sobre colonización espacial y tecnología.,352,2018,https://amzn.to/3J6X1t2
Tecnología y Futuro,Top 9 libros de ciencia ficción distópica,1984,George Orwell,978-0451524935,Sociedad totalitaria bajo vigilancia constante.,328,1949,https://amzn.to/3J6X1t2
Tecnología y Futuro,Top 9 libros de ciencia ficción distópica,Un Mundo Feliz,Aldous Huxley,978-0060850524,Sociedad controlada por ingeniería genética y drogas.,288,1932,https://amzn.to/3J6X1t2
Tecnología y Futuro,Top 9 libros de ciencia ficción distópica,Fahrenheit 451,Ray Bradbury,978-1451673319,Sociedad donde los libros están prohibidos.,192,1953,https://amzn.to/3J6X1t2
Tecnología y Futuro,Top 9 libros de ciencia ficción distópica,El Juego de Ender,Orson Scott Card,978-0812550702,Niños entrenados para salvar a la humanidad de alienígenas.,352,1985,https://amzn.to/3J6X1t2
Tecnología y Futuro,Top 9 libros de ciencia ficción distópica,Neuromante,William Gibson,978-0441569595,Ciberespacio y realidad virtual en un futuro decadente.,320,1984,https://amzn.to/3J6X1t2
Tecnología y Futuro,Top 9 libros de ciencia ficción distópica,La Trilogía de los Mundos,Cixin Liu,978-0765377067,Contacto con civilizaciones alienígenas y sus consecuencias.,400,2008,https://amzn.to/3J6X1t2
Tecnología y Futuro,Top 9 libros de ciencia ficción distópica,Parque Jurásico,Michael Crichton,978-0345538987,Dinosaurios recreados mediante ingeniería genética.,448,1990,https://amzn.to/3J6X1t2
Tecnología y Futuro,Top 9 libros de ciencia ficción distópica,El Hombre en el Castillo,Philip K. Dick,978-0547572482,Mundo alternativo donde las potencias del Eje ganaron la II Guerra Mundial.,256,1962,https://amzn.to/3J6X1t2
Tecnología y Futuro,Top 9 libros de ciencia ficción distópica,Los Juegos del Hambre,Suzanne Collins,978-0439023528,Juvenes luchando en un reality show mortal.,384,2008,https://amzn.to/3J6X1t2
Historia y Política,Top 9 libros sobre la Segunda Guerra Mundial,La Segunda Guerra Mundial,Antony Beevor,978-0316023740,Análisis exhaustivo de conflictos y estrategias bélicas.,864,2012,https://amzn.to/3J6X1t2
Historia y Política,Top 9 libros sobre la Segunda Guerra Mundial,El Diario de Ana Frank,Ana Frank,978-0553296983,Vida de una adolescente escondida durante el Holocausto.,352,1947,https://amzn.to/3J6X1t2
Historia y Política,Top 9 libros sobre la Segunda Guerra Mundial,Los Hijos de la Libertad,Ken Follett,978-0451235284,Espías y resistencia en la Europa ocupada.,640,2020,https://amzn.to/3J6X1t2
Historia y Política,Top 9 libros sobre la Segunda Guerra Mundial,El Alba de la Tercera Edad,Winston Churchill,978-0395410565,Memoires de Churchill durante la guerra.,752,1948,https://amzn.to/3J6X1t2
Historia y Política,Top 9 libros sobre la Segunda Guerra Mundial,La Noche Más Oscura,Mark Bowden,978-1594203476,Operación para capturar a Osama bin Laden.,448,2012,https://amzn.to/3J6X1t2
Historia y Política,Top 9 libros sobre la Segunda Guerra Mundial,Día D,Stephen Ambrose,978-0743492533,Desembarco de Normandía y sus consecuencias.,656,1994,https://amzn.to/3J6X1t2
Historia y Política,Top 9 libros sobre la Segunda Guerra Mundial,El Código Da Vinci,Dan Brown,978-0307474278,Misterios históricos y sociedades secretas.,512,2003,https://amzn.to/3J6X1t2
Historia y Política,Top 9 libros sobre la Segunda Guerra Mundial,Sapiens,Yuval Noah Harari,978-0062316097,Breve historia de la humanidad y sus conflictos.,464,2011,https://amzn.to/3J6X1t2
Historia y Política,Top 9 libros sobre la Segunda Guerra Mundial,El Puente de los Espías,Giles Whittell,978-0340991579,Intercambio de espías entre EE.UU. y URSS en la Guerra Fría.,320,2010,https://amzn.to/3J6X1t2
Historia y Política,Top 9 libros de filosofía para principiantes,El Mundo de Sofía,Jostein Gaarder,978-0374530716,Introducción a la filosofía a través de una historia misteriosa.,544,1991,https://amzn.to/3J6X1t2
Historia y Política,Top 9 libros de filosofía para principiantes,Así Habló Zaratustra,Friedrich Nietzsche,978-0486411181,Parábolas sobre el superhombre y la voluntad de poder.,352,1885,https://amzn.to/3J6X1t2
Historia y Política,Top 9 libros de filosofía para principiantes,El Príncipe,Maquiavelo,978-0486272740,Manual para gobernar y mantener el poder.,240,1513,https://amzn.to/3J6X1t2
Historia y Política,Top 9 libros de filosofía para principiantes,Fedón,Platón,978-0872206333,Diálogo sobre el alma y la inmortalidad.,128,380 a.C.,https://amzn.to/3J6X1t2
Historia y Política,Top 9 libros de filosofía para principiantes,El Existencialismo es un Humanismo,Jean-Paul Sartre,978-0300115468,Defensa del existencialismo y su relación con el marxismo.,144,1946,https://amzn.to/3J6X1t2
Historia y Política,Top 9 libros de filosofía para principiantes,Meditaciones,Marco Aurelio,978-0812968255,Reflexiones personal sobre ética y estoicismo.,256,180 d.C.,https://amzn.to/3J6X1t2
Historia y Política,Top 9 libros de filosofía para principiantes,El Contrato Social,Rousseau,978-0486426921,Origen del poder político y bases de la democracia.,192,1762,https://amzn.to/3J6X1t2
Historia y Política,Top 9 libros de filosofía para principiantes,La República,Platón,978-0872201363,Diálogo sobre justicia y el Estado ideal.,416,380 a.C.,https://amzn.to/3J6X1t2
Historia y Política,Top 9 libros de filosofía para principiantes,Ética a Nicómaco,Aristóteles,978-0199213610,Teoría sobre la virtud y la felicidad humana.,368,350 a.C.,https://amzn.to/3J6X1t2
Salud y Bienestar,Top 9 libros de nutrición saludable,Come, Reza, Ama,Elizabeth Gilbert,978-0143038417,Viaje de autodescubrimiento a través de la comida y espiritualidad.,352,2006,https://amzn.to/3J6X1t2
Salud y Bienestar,Top 9 libros de nutrición saludable,El Plan Renal,Cristina Muñoz,978-8417277234,Dieta para proteger riñones y salud renal.,288,2019,https://amzn.to/3J6X1t2
Salud y Bienestar,Top 9 libros de nutrición saludable,La Dieta de la Luna,Sergi Torres,978-8491111448,Ayunar según ciclos lunares para detoxificar.,224,2018,https://amzn.to/3J6X1t2
Salud y Bienestar,Top 9 libros de nutrición saludable,El Libro de la Cocina Saludable,Jamie Oliver,978-0718193544,Recetas nutritivas y fáciles para el día a día.,320,2017,https://amzn.to/3J6X1t2
Salud y Bienestar,Top 9 libros de nutrición saludable,El Método Kousmine,Catherine Kousmine,978-8472453720,Dieta basada en aceite de linaza y alimentos integrales.,256,1987,https://amzn.to/3J6X1t2
Salud y Bienestar,Top 9 libros de nutrición saludable,Ayuno Intermitente,Jason Fung,978-1771641258,Cómo ayunar para perder peso y mejorar salud.,288,2016,https://amzn.to/3J6X1t2
Salud y Bienestar,Top 9 libros de nutrición saludable,La Dieta de la Zona,Barry Sears,978-0060391902,Equilibrio hormonal mediante proporción de nutrientes.,320,1995,https://amzn.to/3J6X1t2
Salud y Bienestar,Top 9 libros de nutrición saludable,El Poder del Metabolismo,Frank Suarez,978-1466267876,Acelerar metabolismo para quemar grasa.,304,20110,https://amzn.to/3J6X1t2
Salud y Bienestar,Top 9 libros de nutrición saludable,Nutrición Deportiva,Anita Bean,978-1472976723,Alimentación para rendimiento deportivo.,352,2017,https://amzn.to/3J6X1t2
Literatura Clásica,Top 9 novelas rusas imprescindibles,Guerra y Paz,León Tolstói,978-0140447934,Épica sobre invasión napoleónica y vidas de aristócratas.,1232,1869,https://amzn.to/3J6X1t2
Literatura Clásica,Top 9 novelas rusas imprescindibles,Crimen y Castigo,Fiódor Dostoievski,978-0140449136,Asesinato, culpa y redención en San Petersburgo.,672,1866,https://amzn.to/3J6X1t2
Literatura Clásica,Top 9 novelas rusas imprescindibles,Anna Karenina,León Tolstói,978-0143035008,Tragedia de una adúltera en la sociedad rusa del siglo XIX.,864,1877,https://amzn.to/3J6X1t2
Literatura Clásica,Top 9 novelas rusas imprescindibles,Los Hermanos Karamázov,Fiódor Dostoievski,978-0374528379,Conflicto entre fe, razón y pasión en una familia.,960,1880,https://amzn.to/3J6X1t2
Literatura Clásica,Top 9 novelas rusas imprescindibles,El Maestro y Margarita,Mijaíl Bulgákov,978-0679760801,Sátira sobre la sociedad soviética con elementos fantásticos.,480,1967,https://amzn.to/3J6X1t2
Literatura Clásica,Top 9 novelas rusas imprescindibles,Un Hombre Feliz,Iván Turguénev,978-0140444254,Relatos sobre la vida rural rusa y sus contradicciones.,320,1856,https://amzn.to/3J6X1t2
Literatura Clásica,Top 9 novelas rusas imprescindibles,Padres e Hijos,Iván Turguénev,978-0199536073,Conflicto generacional entre nihilistas y conservadores.,256,1862,https://amzn.to/3J6X1t2
Literatura Clásica,Top 9 novelas rusas imprescindibles,El Idiota,Fiódor Dostoievski,978-0140447927,Inocencia y bondad en un mundo corrupto.,672,1869,https://amzn.to/3J6X1t2
Literatura Clásica,Top 9 novelas rusas imprescindibles,Resurrección,León Tolstói,978-0199536189,Redención moral a través del amor y la justicia.,512,1899,https://amzn.to/3J6X1t2
Viajes y Aventura,Top 9 libros de viajes por Latinoamérica,La Casa de los Espíritus,Isabel Allende,978-1501117016,Saga familiar en Chile con elementos mágicos.,464,1982,https://amzn.to/3J6X1t2
Viajes y Aventura,Top 9 libros de viajes por Latinoamérica,Diario de Motocicleta,Che Guevara,978-0007172060,Viaje juvenil por Sudamérica que moldeó su ideología.,192,1993,https://amzn.to/3J6X1t2
Viajes y Aventura,Top 9 libros de viajes por Latinoamérica,Cien Años de Soledad,Gabriel García Márquez,978-0060883287,Historia mítica de Macondo y la familia Buendía.,448,1967,https://amzn.to/3J6X1t2
Viajes y Aventura,Top 9 libros de viajes por Latinoamérica,El Alquimista,Paulo Coelho,978-0062315007,Búsqueda del tesoro personal a través del desierto.,208,1988,https://amzn.to/3J6X1t2
Viajes y Aventura,Top 9 libros de viajes por Latinoamérica,La Ciudad y los Perros,Mario Vargas Llosa,978-0060584705,Vida en un colegio militar peruano y corrupción.,320,1963,https://amzn.to/3J6X1t2
Viajes y Aventura,Top 9 libros de viajes por Latinoamérica,El Huevo de la Serpiente,Carlos Fuentes,978-0374532208,México a través de la historia y sus mitos.,416,1962,https://amzn.to/3J6X1t2
Viajes y Aventura,Top 9 libros de viajes por Latinoamérica,La Tía Julia y el Escribidor,Mario Vargas Llosa,978-0571225842,Comedia romántica y crítica social en Lima.,352,1977,https://amzn.to/3J6X1t2
Viajes y Aventura,Top 9 libros de viajes por Latinoamérica,El Viejo y el Mar,Ernest Hemingway,978-0684801223,Pescador cubano lucha contra un pez espada en el Caribe.,128,1952,https://amzn.to/3J6X1t2
Viajes y Aventura,Top 9 libros de viajes por Latinoamérica,Los Detectives Salvajes,Roberton Bolaño,978-0312427481,Búsqueda de poetas desaparecidos por México y el mundo.,656,1998,https://amzn.to/3J6X1t2
Arte y Creatividad,Top 9 libros sobre historia del arte,Historia del Arte,E.H. Gombrich,978-0714832470,Introducción completa a la historia del arte occidental.,688,1950,https://amzn.to/3J6X1t2
Arte y Creatividad,Top 9 libros sobre historia del arte,Los Secretos del Arte,Daniel Arasse,978-2080107403,Análisis de obras maestras y sus significados ocultos.,384,2006,https://amzn.to/3J6X1t2
Arte y Creatividad,Top 9 libros sobre historia del arte,El Arte como Experiencia,John Dewey,978-0399531972,Teoría sobre el arte como interacción entre obra y espectador.,368,1934,https://amzn.to/3J6X1t2
Arte y Creatividad,Top 9 libros sobre historia del arte,La Vida de los Artistas,Giorgio Vasari,978-0140445008,Biografías de artistas del Renacimiento italiano.,512,1550,https://amzn.to/3J6X1t2
Arte y Creatividad,Top 9 libros sobre historia del arte,El Guernica,Gijs van Hensbergen,978-0060539378,Historia del cuadro más famoso de Picasso y su contexto.,320,2004,https://amzn.to/3J6X1t2
Arte y Creatividad,Top 9 libros sobre historia del arte,Arte Moderno,Norbert Lynton,978-0500203957,Del impresionismo al arte contemporáneo.,448,1980,https://amzn.to/3J6X1t2
Arte y Creatividad,Top 9 libros sobre historia del arte,La Historia del Arte,Frederick Hartt,978-0810914472,Arte occidental desde la prehistoria hasta el siglo XX.,1024,1976,https://amzn.to/3J6X1t2
Arte y Creatividad,Top 9 libros sobre historia del arte,El Expresionismo,Shulamith Behr,978-0521786559,Movimiento artístico alemán y sus exponentes.,224,1999,https://amzn.to/3J6X1t2
Arte y Creatividad,Top 9 libros sobre historia del arte,Arte Contemporáneo,Brandon Taylor,978-0500203933,Tendencias y artistas desde 1945 hasta hoy.,352,2004,https://amzn.to/3J6X1t2
Ciencia y Naturaleza,Top 9 libros de divulgación científica,Breve Historia del Tiempo,Stephen Hawking,978-0553380163,Origen del universo, agujeros negros y viaje en el tiempo.,256,1988,https://amzn.to/3J6X1t2
Ciencia y Naturaleza,Top 9 libros de divulgación científica,Cosmos,Carl Sagan,978-0345539434,Viaje por el universo y la evolución de la science.,384,1980,https://amzn.to/3J6X1t2
Ciencia y Naturaleza,Top 9 libros de divulgación científica,El Origen de las Especies,Charles Darwin,978-0451529060,Teoría de la evolución por selección natural.,544,1859,https://amzn.to/3J6X1t2
Ciencia y Naturaleza,Top 9 libros de divulgación científica,La Estructura de las Revoluciones Científicas,Thomas Kuhn,978-0226458120,Cómo la ciencia avanza mediante cambios de paradigma.,320,1962,https://amzn.to/3J6X1t2
Ciencia y Naturaleza,Top 9 libros de divulgación científica,El Gen Egoísta,Richard Dawkins,978-0192860927,Evolución desde la perspectiva de los genes.,360,1976,https://amzn.to/3J6X1t2
Ciencia y Naturaleza,Top 9 libros de divulgación científica,La Mente de Dios,Paul Davies,978-0671797183,Física y metafísica en la búsqueda del origen.,320,1992,https://amzn.to/3J6X1t2
Ciencia y Naturaleza,Top 9 libros de divulgación científica,Sapiens,Yuval Noah Harari,978-0062316097,Breve historia de la humanidad y su dominio del planeta.,464,2011,https://amzn.to/3J6X1t2
Ciencia y Naturaleza,Top 9 libros de divulgación científica,El Universo Elegante,Brian Greene,978-0375708114,Teoría de cuerdas y unificación de la física.,512,1999,https://amzn.to/3J6X1t2
Ciencia y Naturaleza,Top 9 libros de divulgación científica,El Cerebro de Broca,Carl Sagan,978-0345336897,Reflexiones sobre ciencia, religión y evolución.,352,1979,https://amzn.to/3J6X1t2
Misterio y Thriller,Top 9 thrillers psicológicos,La Chica del Tren,Paula Hawkins,978-1594634024,Mujer observa desde el tren un crimen que nadie más vio.,336,2015,https://amzn.to/3J6X1t2
Misterio y Thriller,Top 9 thrillers psicológicos,El Silencio de los Inocentes,Thomas Harris,978-0312924584,Agente FBI persigue a un asesino en serie con ayuda de otro.,368,1988,https://amzn.to/3J6X1t2
Misterio y Thriller,Top 9 thrillers psicológicos,Gone Girl,Gillian Flynn,978-0307588371,Matrimonio perfecto se desmorona tras desaparición de la esposa.,448,2012,https://amzn.to/3J6X1t2
Misterio y Thriller,Top 9 thrillers psicológicos,El Psicópata de al Lado,M.J. Arlidge,978-0451471535,Detective persigue a un asesino que elige víctimas al azar.,384,2014,https://amzn.to/3J6X1t2
Misterio y Thriller,Top 9 thrillers psicológicos,La Casa de al Lado,Shari Lapena,978-0735221086,Pareja descubre secretos oscuros de sus vecinos.,320,2016,https://amzn.to/3J6X1t2
Misterio y Thriller,Top 9 thrillers psicológicos,El Código Da Vinci,Dan Brown,978-0307474278,Símbolos religiosos y conspiraciones en un asesinato.,512,2003,https://amzn.to/3J6X1t2
Misterio y Thriller,Top 9 thrillers psicológicos,La Sombra del Viento,Carlos Ruiz Zafón,978-0143126392,Misterio en torno a un libro prohibido en la Barcelona posguerra.,576,2001,https://amzn.to/3J6X1t2
Misterio y Thriller,Top 9 thrillers psicológicos,Requiem por un Sueño,Hubert Selby Jr.,978-1573225127,Adicciones y sus consecuencias destructivas.,224,1978,https://amzn.to/3J6X1t2
Misterio y Thriller,Top 9 thrillers psicológicos,El Secreto,Ken Follett,978-0525955188,Conspiración para robar un manuscrito medieval.,512,2020,https://amzn.to/3J6X1t2
Relaciones y Familia,Top 9 libros sobre crianza positiva,Disciplina sin Lágrimas,Daniel Siegel,978-0553386691,Criar hijos con empatía y conexión emocional.,336,2014,https://amzn.to/3J6X1t2
Relaciones y Familia,Top 9 libros sobre crianza positiva,Cómo Hablar para que sus Hijos le Escuchen,Adele Faber,978-1451663884,Técnicas de comunicación efectiva con niños.,304,1980,https://amzn.to/3J6X1t2
Relaciones y Familia,Top 9 libros sobre crianza positiva,El Cerebro del Niño,Daniel J. Siegel,978-0553386691,Desarrollo cerebral infantil y cómo estimularlo.,336,2011,https://amzn.to/3J6X1t2
Relaciones y Familia,Top 9 libros sobre crianza positiva,Educar sin Lágrimas,Rosa Jové,978-8499086785,Crianza respetuosa y límites amorosos.,288,2003,https://amzn.to/3J6X1t2
Relaciones y Familia,Top 9 libros sobre crianza positiva,Padres Presentes, Hijos Felices,Rafael Guerrero,978-8433029478,Importancia de la paternidad activa.,256,2017,https://amzn.to/3J6X1t2
Relaciones y Familia,Top 9 libros sobre crianza positiva,La Disciplina Positiva,Jane Nelsen,978-0761524212,Educar con respeto y firmeza al mismo tiempo.,320,2006,https://amzn.to/3J6X1t2
Relaciones y Familia,Top 9 libros sobre crianza positiva,El Misterio del Niño,Janusz Korczak,978-3868390726,Derechos del niño y su dignidad.,224,1920,https://amzn.to/3J6X1t2
Relaciones y Familia,Top 9 libros sobre crianza positiva,Criar Bien a un Hijo,Carlos González,978-8499086792,Lactancia materna y crianza natural.,416,2003,https://amzn.to/3J6X1t2
Relaciones y Familia,Top 9 libros sobre crianza positiva,Educar en el Asombro,Catherine L'Ecuyer,978-8423428642,Fomentar curiosidad y aprendizaje significativo.,304,2015,https://amzn.to/3J6X1t2
Espiritualidad,Top 9 libros de mindfulness y meditación,El Poder del Ahora,Eckhart Tolle,978-1577314806,Vivir en el presente para liberarse de ansiedades.,224,1997,https://amzn.to/3J6X1t2
Espiritualidad,Top 9 libros de mindfulness y meditación,Mindfulness,Mark Williams,978-1462510427,Terapia cognitiva basada en mindfulness para depresión.,288,2007,https://amzn.to/3J6X1t2
Espiritualidad,Top 9 libros de mindfulness y meditación,El Camino del Artista,Julia Cameron,978-1585421466,Recuperar creatividad y superar bloqueos.,240,1992,https://amzn.to/3J6X1t2
Espiritualidad,Top 9 libros de mindfulness y meditación,La Práctica de la Atención Plena,Jon Kabat-Zinn,978-0345836994,Reducción del estrés mediante meditación.,432,1990,https://amzn.to/3J6X1t2
Espiritualidad,Top 9 libros de mindfulness y meditación,El Monje que Vendió su Ferrari,Robin Sharma,978-0062515674,Parábola sobre encontrar propósito y equilibrio.,208,1997,https://amzn.to/3J6X1t2
Espiritualidad,Top 9 libros de mindfulness y meditación,Un Curso de Milagros,Helen Schucman,978-1883360267,Enseñanzas espirituales para paz interior.,672,1976,https://amzn.to/3J6X1t2
Espiritualidad,Top 9 libros de mindfulness y meditación,El Libro Tibetano de la Vida y la Muerte,Sogyal Rimpoché,978-0062508348,Muerte y morir desde la perspectiva budista.,512,1992,https://amzn.to/3J6X1t2
Espiritualidad,Top 9 libros de mindfulness y meditación,La Paz Interior,Thich Nhat Hanh,978-1888375929,Encontrar serenidad en un mundo caótico.,192,1991,https://amzn.to/3J6X1t2
Espiritualidad,Top 9 libros de mindfulness y meditación,Meditación,Osho,978-0312187194,Técnicas para experimentar estados meditativos.,320,1988,https://amzn.to/3J6X1t2
Economía y Sociedad,Top 9 libros sobre desigualdad económica,Capital en el Siglo XXI,Thomas Piketty,978-0674430006,Análisis de concentración de riqueza y sus soluciones.,976,2013,https://amzn.to/3J6X1t2
Economía y Sociedad,Top 9 libros sobre desigualdad económica,El Capitalismo del Siglo XXI,Joseph Stiglitz,978-0393352240,Crítica al sistema económico actual y propuestas de cambio.,448,2015,https://amzn.to/3J6X1t2
Economía y Sociedad,Top 9 libros sobre desigualdad económica,La Globalización y sus Descontentos,Joseph Stiglitz,978-0393324391,Efectos negativos de la globalización en países pobres.,304,2002,https://amzn.to/3J6X1t2
Economía y Sociedad,Top 9 libros sobre desigualdad económica,23 Cosas que no te Cuentan sobre el Capitalismo,Ha-Joon Chang,978-1608191667,Mitos económicos desmentidos con datos históricos.,304,2010,https://amzn.to/3J6X1t2
Economía y Sociedad,Top 9 libros sobre desigualdad económica,El Choque de Civilizaciones,Samuel Huntington,978-0684844411,Conflictos futuros entre culturas como eje de la política.,384,1996,https://amzn.to/3J6X1t2
Economía y Sociedad,Top 9 libros sobre desigualdad económica,La Riqueza de las Naciones,Adam Smith,978-0553585975,Fundamentos del capitalismo y división del trabajo.,1152,1776,https://amzn.to/3J6X1t2
Economía y Sociedad,Top 9 libros sobre desigualdad económica,El Fin de la Pobreza,Jeffrey Sachs,978-0143036586,Plan para erradicar pobreza extrema para 2025.,432,2005,https://amzn.to/3J6X1t2
Economía y Sociedad,Top 9 libros sobre desigualdad económica,Economía para No Economistas,John Kenneth Galbraith,978-0395358585,Conceptos económicos explicados de forma sencilla.,336,1978,https://amzn.to/3J6X1t2
Economía y Sociedad,Top 9 libros sobre desigualdad económica,El Mundo es Plano,Thomas Friedman,978-0374292882,Globalización y sus efectos en la economía mundial.,512,2005,https://amzn.to/3J6X1t2
Deportes,Top 9 libros de fútbol,Fútbol Contra el Enemigo,Simon Kuper,978-1568584813,Cómo el fútbol refleja política y sociedad.,448,2006,https://amzn.to/3J6X1t2
Deportes,Top 9 libros de fútbol,El Origen,Dan Brown,978-0385511213,Orígenes históricos del fútbol y sus reglas.,384,2017,https://amzn.to/3J6X1t2
Deportes,Top 9 libros de fútbol,Soccernomics,Simon Kuper,978-1568584257,Estadísticas y economía aplicadas al fútbol.,432,2009,https://amzn.to/3J6X1t2
Deportes,Top 9 libros de fútbol,Maradona: La Historia Oficial,Ariel Scher,978-9504915723,Biografía completa de Diego Armando Maradona.,576,2005,https://amzn.to/3J6X1t2
Deportes,Top 9 libros de fútbol,El Clásico,Sid Lowe,978-1409131040,Rivalidad entre Real Madrid y Barcelona.,352,2013,https://amzn.to/3J6X1t2
Deportes,Top 9 libros de fútbol,Fútbol Total,David Winner,978-1568584615,Filosofía del fútbol holandés y su influencia.,320,2000,https://amzn.to/3J6X1t2
Deportes,Top 9 libros de fútbol,Invertir en Fútbol,Rodrigo Hernández,978-8423428659,Finanzas y negocios en el mundo del fútbol.,288,2018,https://amzn.to/3J6X1t2
Deportes,Top 9 libros de fútbol,El Día Menos Pensado,Jorge Valdano,978-8466337608,Reflexiones sobre el fútbol y su trascendencia.,256,2015,https://amzn.to/3J6X1t2
Deportes,Top 9 libros de fútbol,La Piel del Toro,Javier Cárdenas,978-8408224185,Cultura taurina y su relación con la identidad española.,304,2019,https://amzn.to/3J6X1t2
Cocina,Top 9 libros de cocina vegana,Thug Kitchen,Thug Kitchen,978-1623363581,Recetas veganas con lenguaje irreverente.,288,2014,https://amzn.to/3J6X1t2
Cocina,Top 9 libros de cocina vegana,Veganomicon,Isa Chandra Moskowitz,978-0761149716,Clásicos veganos reinventados.,320,2007,https://amzn.to/3J6X1t2
Cocina,Top 9 libros de cocina vegana,La Cocina Vegana,Alicia García,978-8491111455,Recetas españolas adaptadas a la dieta vegana.,256,2016,https://amzn.to/3J6X1t2
Cocina,Top 9 libros de cocina vegana,Vegan para Siempre,Lucía Martínez,978-8425357782,Nutrición vegana basada en evidencia científica.,384,2018,https://amzn.to/3J6X1t2
Cocina,Top 9 libros de cocina vegana,El Libro de la Cocina Vegana,Jamie Oliver,978-0718188731,Recetas sencillas y deliciosas sin productos animales.,320,2017,https://amzn.to/3J6X1t2
Cocina,Top 9 libros de cocina vegana,Recetas para Ser Feliz,Laura Barrado,978-8417277241,Postres veganos saludables.,224,2019,https://amzn.to/3J6X1t2
Cocina,Top 9 libros de cocina vegana,Vegan México,Jason Wyrick,978-1592335978,Cocina mexicana tradicional en versión vegana.,288,2014,https://amzn.to/3J6X1t2
Cocina,Top 9 libros de cocina vegana,Despensa Vegana,Celia Rodríguez,978-8418057109,Guía para organizar una cocina vegana.,192,2020,https://amzn.to/3J6X1t2
Cocina,Top 9 libros de cocina vegana,Cocina Vegana Fácil,Bettina Campolucci,978-1784882496,Recetas rápidas con ingredientes accesibles.,256,2018,https://amzn.to/3J6X1t2
Medio Ambiente,Top 9 libros sobre cambio climático,La Tierra en Peligro,Al Gore,978-1594201223,Evidencias científicas del calentamiento global y soluciones.,448,2006,https://amzn.to/3J6X1t2
Medio Ambiente,Top 9 libros sobre cambio climático,Nuestra Final,Naomi Klein,978-1451697391,Cómo el cambio climático transforma la economía y política.,528,2014,https://amzn.to/3J6X1t2
Medio Ambiente,Top 9 libros sobre cambio climático,El Futuro de la Tierra,James Lovelock,978-0465071816,Predicciones sobre el futuro del planeta y la humanidad.,304,2006,https://amzn.to/3J6X1t2
Medio Ambiente,Top 9 libros sobre cambio climático,Colapso,Jared Diamond,978-0143036555,Cómo sociedades eligen fracasar o tener éxito.,608,2005,https://amzn.to/3J6X1t2
Medio Ambiente,Top 9 libros sobre cambio climático,La Sexta Extinción,Elizabeth Kolbert,978-0805092998,Extinción masiva actual y sus causas.,352,2014,https://amzn.to/3J6X1t2
Medio Ambiente,Top 9 libros sobre cambio climático,Cómo Evitar un Desastre Climático,Bill Gates,978-0385546133,Plan para reducir emisiones de CO2 a cero.,288,2021,https://amzn.to/3J6X1t2
Medio Ambiente,Top 9 libros sobre cambio climático,El Efecto Sombra,Tim Flannery,978-0802144086,Impacto humano en el clima y la biodiversidad.,384,2005,https://amzn.to/3J6X1t2
Medio Ambiente,Top 9 libros sobre cambio climático,Tierra,David Brin,978-0553573330,Futuro ecológico y soluciones sostenibles.,416,1990,https://amzn.to/3J6X1t2
Medio Ambiente,Top 9 libros sobre cambio climático,La Vía Láctea,Isaac Asimov,978-0380011439,Exploración del universo y su relación con la Tierra.,320,1977,https://amzn.to/3J6X1t2
Psicología,Top 9 libros sobre inteligencia emocional,Inteligencia Emocional,Daniel Goleman,978-0553383713,Importancia de las emociones en el éxito personal y profesional.,384,1995,https://amzn.to/3J6X1t2
Psicología,Top 9 libros sobre inteligencia emocional,El Cerebro Emocional,Joseph LeDoux,978-0684836591,Biología de las emociones y su control.,384,1996,https://amzn.to/3J6X1t2
Psicología,Top 9 libros sobre inteligencia emocional,La Inteligencia Emocional en la Práctica,Daniel Goleman,978-0553378580,Ejercicios para desarrollar inteligencia emocional.,320,1998,https://amzn.to/3J6X1t2
Psicología,Top 9 libros sobre inteligencia emocional,Darse Cuenta,John Bradshaw,978-0553352603,Sanar heridas emocionales de la infancia.,352,1988,https://amzn.to/3J6X1t2
Psicología,Top 9 libros sobre inteligencia emocional,El Arte de Amar,Erich Fromm,978-0061129738,Amor como arte que requiere conocimiento y esfuerzo.,160,1956,https://amzn.to/3J6X1t2
Psicología,Top 9 libros sobre inteligencia emocional,El Hombre en Busca de Sentido,Viktor Frankl,978-0807014295,Encontrar propósito incluso en el sufrimiento.,192,1946,https://amzn.to/3J6X1t2
Psicología,Top 9 libros sobre inteligencia emocional,El Lenguaje del Cuerpo,Allan Pease,978-0553349092,Señales no verbales y su interpretación.,320,1981,https://amzn.to/3J6X1t2
Psicología,Top 9 libros sobre inteligencia emocional,Cómo Ganar Amigos,Dale Carnegie,978-0671027032,Técnicas para influir en personas y ganar amigos.,288,1936,https://amzn.to/3J6X1t2
Psicología,Top 9 libros sobre inteligencia emocional,La Ansiedad,Scott Stossel,978-0307396044,Exploración personal de la ansiedad y sus tratamientos.,448,2014,https://amzn.to/3J6X1t2
Feminismo,Top 9 libros feministas contemporáneos,Nosotras,Cristina Sánchez-Andrade,978-8423357979,Reflexiones feministas desde la literatura gallega.,256,2020,https://amzn.to/3J6X1t2
Feminismo,Top 9 libros feministas contemporáneos,El Segundo Sexo,Simone de Beauvoir,978-0307277787,Análisis de la condición femenina en la sociedad.,752,1949,https://amzn.to/3J6X1t2
Feminismo,Top 9 libros feministas contemporáneos,Cien Años de Soledad,Gabriel García Márquez,978-0060883287,Representación de mujeres en la literatura latinoamericana.,448,1967,https://amzn.to/3J6X1t2
Feminismo,Top 9 libros feministas contemporáneos,Teoría King Kong,Virginie Despentes,978-1939293228,Manifiesto feminista radical contra la cultura patriarcal.,288,2006,https://amzn.to/3J6X1t2
Feminismo,Top 9 libros feministas contemporáneos,La Tiranía de la Belleza,Naomi Wolf,978-0385423627,Cómo la industria de la belleza oprime a las mujeres.,368,1991,https://amzn.to/3J6X1t2
Feminismo,Top 9 libros feministas contemporáneos,El Mito de la Belleza,Naomi Wolf,978-0060512187,Impacto psicológico de los estándares de belleza femeninos.,320,1991,https://amzn.to/3J6X1t2
Feminismo,Top 9 libros feministas contemporáneos,Feminismo para Principiantes,Nuria Varela,978-8496859969,Introducción al feminismo con lenguaje accesible.,416,2005,https://amzn.to/3J6X1t2
Feminismo,Top 9 libros feministas contemporáneos,Las Mujeres que No Amaban a los Hombres,Sandra Cisneros,978-0679738565,Relatos sobre mujeres que desafían roles tradicionales.,224,2018,https://amzn.to/3J6X1t2
Feminismo,Top 9 libros feministas contemporáneos,La Casa de los Espíritus,Isabel Allende,978-1501117016,Mujeres fuertes en una sociedad machista.,464,1982,https://amzn.to/3J6X1t2
Terror,Top 9 libros de terror clásico,Drácula,Bram Stoker,978-0486411095,Vampiro en la Inglaterra victoriana.,448,1897,https://amzn.to/3J6X1t2
Terror,Top 9 libros de terror clásico,Frankenstein,Mary Shelley,978-0486282114,Científico crea monstruo y su búsqueda de redención.,288,1818,https://amzn.to/3J6X1t2
Terror,Top 9 libros de terror clásico,El Extraño Caso del Dr. Jekyll y Mr. Hyde,Robert Louis Stevenson,978-0486266886,Doble personalidad y su manifestación monstruosa.,128,1886,https://amzn.to/3J6X1t2
Terror,Top 9 libros de terror clásico,El Gato Negro,Edgar Allan Poe,978-0486277868,Relato sobre locura y venganza de un gato.,64,1843,https://amzn.to/3J6X1t2
Terror,Top 9 libros de terror clásico,El Resplandor,Stephen King,978-0307743657,Hotel embrujado y posesión en familia.,512,1977,https://amzn.to/3J6X1t2
Terror,Top 9 libros de terror clásico,El Exorcista,William Peter Blatty,978-0062094361,Posesión demoníaca y exorcismo.,400,1971,https://amzn.to/3J6X1t2
Terror,Top 9 libros de terror clásico,La Llamada de Cthulhu,H.P. Lovecraft,978-0486284414,Horror cósmico y dioses ancestrales.,128,1928,https://amzn.to/3J6X1t2
Terror,Top 9 libros de terror clásico,El Cementerio,Stephen King,978-1501144241,Niño resucitado con consecuencias terroríficas.,416,1983,https://amzn.to/3J6X1t2
Terror,Top 9 libros de terror clásico,Otra Vuelta de Tuerca,Henry James,978-0486266886,Apariciones en una mansión y su interpretación.,192,1898,https://amzn.to/3J6X1t2
Autoayuda,Top 9 libros para superar una ruptura,Cómo Superar una Ruptura,Susan J. Elliott,978-0738213190,Guía paso a paso para sanar corazón roto.,288,2009,https://amzn.to/3J6X1t2
Autoayuda,Top 9 libros para superar una ruptura,El Arte de Amar,Erich Fromm,978-0061129738,Comprender el amor para construir relaciones sanas.,160,1956,https://amzn.to/3J6X1t2
Autoayuda,Top 9 libros para superar una ruptura,Después de Ti,Jojo Moyes,978-0718181770,Nueva vida tras pérdida del ser amado.,384,2015,https://amzn.to/3J6X1t2
Autoayuda,Top 9 libros para superar una ruptura,El Poder del Ahora,Eckhart Tolle,978-1577314806,Vivir el presente para superar dolor pasado.,224,1997,https://amzn.to/3J6X1t2
Autoayuda,Top 9 libros para superar una ruptura,Vivir Después de Vivir,Pim van Lommel,978-1846042396,Experiencias cercanas a la muerte y su significado.,352,2007,https://amzn.to/3J6X1t2
Autoayuda,Top 9 libros para superar una ruptura,La Travesía,John Boyne,978-0857524701,Viaje emocional tras una pérdida.,320,2017,https://amzn.to/3J6X1t2
Autoayuda,Top 9 libros para superar una ruptura,El Alquimista,Paulo Coelho,978-0062315007,Búsqueda personal tras una decepción amorosa.,208,1988,https://amzn.to/3J6X1t2
Autoayuda,Top 9 libros para superar una ruptura,La Sombra del Viento,Carlos Ruiz Zafón,978-0143126392,Superar duelos a través de la literatura.,576,2001,https://amzn.to/3J6X1t2
Autoayuda,Top 9 libros para superar una ruptura,El Hombre en Busca de Sentido,Viktor Frankl,978-0807014295,Encontrar propósito tras el sufrimiento.,192,1946,https://amzn.to/3J6X1t2
Biografías,Top 9 biografías de mujeres inspiradoras,Malala,Malala Yousafzai,978-0316322409,Lucha por educación femenina y premio Nobel de la Paz.,288,2013,https://amzn.to/3J6X1t2
Biografías,Top 9 biografías de mujeres inspiradoras,Yo, Malala,Christina Lamb,978-0316322423,Detalles de la vida y activismo de Malala.,320,2013,https://amzn.to/3J6X1t2
Biografías,Top 9 biografías de mujeres inspiradoras,La Historia de mi Vida,Helen Keller,978-0451531568,Mujer sordociega que se convirtió en símbolo de superación.,256,1903,https://amzn.to/3J6X1t2
Biografías,Top 9 biografías de mujeres inspiradoras,Frida,Hayden Herrera,978-0060085896,Vida y arte de Frida Kahlo.,512,1983,https://amzn.to/3J6X1t2
Biografías,Top 9 biografías de mujeres inspiradoras,Eleanor Roosevelt,Blanche Wiesen Cook,978-0140178944,Primera dama defensora de derechos humanos.,768,1992,https://amzn.to/3J6X1t2
Biografías,Top 9 biografías de mujeres inspiradoras,Marie Curie,Eve Curie,978-0306810381,Vida de la primera mujer en ganar dos premios Nobel.,448,1937,https://amzn.to/3J6X1t2
Biografías,Top 9 biografías de mujeres inspiradoras,Jane Goodall,Dale Peterson,978-0547336954,Pionera en estudio de chimpancés y conservación.,384,2006,https://amzn.to/3J6X1t2
Biografías,Top 9 biografías de mujeres inspiradoras,La Vida Secreta de Beatrix Potter,Margaret Lane,978-0805063783,Escritora y naturalista detrás de Peter Rabbit.,224,1946,https://amzn.to/3J6X1t2
Biografías,Top 9 biografías de mujeres inspiradoras,Coco Chanel,Justine Picardie,978-0061963858,Diseñadora que revolucionó la moda femenina.,448,2010,https://amzn.to/3J6X1t2
Juventud,Top 9 libros para adolescentes rebeldes,El Guardián entre el Centeno,J.D. Salinger,978-0316769488,Adolescencia, alienación y búsqueda de identidad.,277,1951,https://amzn.to/3J6X1t2
Juventud,Top 9 libros para adolescentes rebeldes,Juegos de Hambre,Suzanne Collins,978-0439023528,Juvenes en lucha contra un sistema opresor.,384,2008,https://amzn.to/3J6X1t2
Juventud,Top 9 libros para adolescentes rebeldes,El Diario de Ana Frank,Ana Frank,978-0553296983,Vida de una adolescente durante el Holocausto.,352,1947,https://amzn.to/3J6X1t2
Juventud,Top 9 libros para adolescentes rebeldes,Harry Potter,J.K. Rowling,978-0439708180,Mago joven descubre su identidad y lucha contra el mal.,320,1997,https://amzn.to/3J6X1t2
Juventud,Top 9 libros para adolescentes rebeldes,Percy Jackson,Rick Riordan,978-0786838653,Adolescente descubre que es semidios griego.,384,2005,https://amzn.to/3J6X1t2
Juventud,Top 9 libros para adolescentes rebeldes,Divergente,Veronica Roth,978-0062024039,Sociedad dividida por facciones y una joven que desafía normas.,512,2011,https://amzn.to/3J6X1t2
Juventud,Top 9 libros para adolescentes rebeldes,Bajo la Misma Estrella,John Green,978-0525478812,Amor entre adolescentes con enfermedades terminales.,336,2012,https://amzn.to/3J6X1t2
Juventud,Top 9 libros para adolescentes rebeldes,La Ladrona de Libros,Markus Zusak,978-0375842207,Niña roba libros en la Alemania nazi.,592,2005,https://amzn.to/3J6X1t2
Juventud,Top 9 libros para adolescentes rebeldes,Cazadores de Sombras,Cassandra Clare,978-1416914280,Mundo oculto de demonios y cazadores en Nueva York.,512,2007,https://amzn.to/3J6X1t2
Política,Top 9 libros sobre pensamiento político moderno,El Fin de la Historia,Francis Fukuyama,978-0743284554,Democracia liberal como sistema definitivo.,352,1992,https://amzn.to/3J6X1t2
Política,Top 9 libros sobre pensamiento político moderno,El Choque de Civilizaciones,Samuel Huntington,978-0684844411,Conflictos futuros entre culturas.,384,1996,https://amzn.to/3J6X1t2
Política,Top 9 libros sobre pensamiento político moderno,Sapiens,Yuval Noah Harari,978-0062316097,Historia humana y su organización política.,464,2011,https://amzn.to/3J6X1t2
Política,Top 9 libros sobre pensamiento político moderno,El Príncipe,Maquiavelo,978-0486272740,Manual para gobernar y mantener el poder.,240,1513,https://amzn.to/3J6X1t2
Política,Top 9 libros sobre pensamiento político moderno,El Contrato Social,Rousseau,978-0486426921
Política,Top 9 libros sobre pensamiento político moderno,El Contrato Social,Rousseau,978-0486426921,Origen del poder político y bases de la democracia.,192,1762,https://amzn.to/3J6X1t2
Política,Top 9 libros sobre pensamiento político moderno,La República,Platón,978-0872201363,Diálogo sobre justicia y el Estado ideal.,416,380 a.C.,https://amzn.to/3J6X1t2
Política,Top 9 libros sobre pensamiento político moderno,El Manifiesto Comunista,Marx y Engels,978-0140447576,Llamado a la revolución proletaria.,96,1848,https://amzn.to/3J6X1t2
Política,Top 9 libros sobre pensamiento político moderno,Libertad,Jonathan Franzen,978-0312600846,Crítica a la sociedad estadounidense contemporánea.,608,2010,https://amzn.to/3J6X1t2
Política,Top 9 libros sobre pensamiento político moderno,El Liberalismo Político,John Rawls,978-0231130899,Teoría de justicia como equidad.,560,1993,https://amzn.to/3J6X1t2
Ficción Histórica,Top 9 novelas ambientadas en el Antiguo Egipto,El Hombre que Quería Ser Rey,Paulo Coelho,978-0061122418,Búsqueda de poder y sabiduría en el antiguo Egipto.,208,2008,https://amzn.to/3J6X1t2
Ficción Histórica,Top 9 novelas ambientadas en el Antiguo Egipto,La Reina del Nilo,Margaret George,978-0312366797,Vida de Cleopatra VII y su relación con Roma.,976,2001,https://amzn.to/3J6X1t2
Ficción Histórica,Top 9 novelas ambientadas en el Antiguo Egipto,El Hijo de Ramsés,Christian Jacq,978-0747246099,Misterios en la corte de Ramsés II.,384,1995,https://amzn.to/3J6X1t2
Ficción Histórica,Top 9 novelas ambientadas en el Antiguo Egipto,El Nilo,Wilbur Smith,978-0330344957,Aventuras en el antiguo Egipto y sus dioses.,512,1993,https://amzn.to/3J6X1t2
Ficción Histórica,Top 9 novelas ambientadas en el Antiguo Egipto,Cleopatra,Margaret George,978-0312366797,Última faraona de Egipto y sus amores.,976,2001,https://amzn.to/3J6X1t2
Ficción Histórica,Top 9 novelas ambientadas en el Antiguo Egipto,La Pirámide Asesina,Agatha Christie,978-0002314572,Asesinato en una expedición arqueológica.,288,1945,https://amzn.to/3J6X1t2
Ficción Histórica,Top 9 novelas ambientadas en el Antiguo Egipto,El Secreto del Nilo,Tasha Alexander,978-0060825462,Misterios en el antiguo Egipto.,352,2010,https://amzn.to/3J6X1t2
Ficción Histórica,Top 9 novelas ambientadas en el Antiguo Egipto,El Hijo de la Luna,Luisa Isabel Álvarez,978-8408067027,Vida de Akhenatón y su revolución religiosa.,448,2006,https://amzn.to/3J6X1t2
Ficción Histórica,Top 9 novelas ambientadas en el Antiguo Egipto,La Tumba Perdida,Tom Harper,978-0552154567,Búsqueda de la tumba de Alejandro Magno.,384,2015,https://amzn.to/3J6X1t2
Poesía,Top 9 libros de poesía contemporánea en español,Veinte Poemas de Amor,Pablo Neruda,978-0143039969,Poesía sobre amor y desamor.,64,1924,https://amzn.to/3J6X1t2
Poesía,Top 9 libros de poesía contemporánea en español,Cien Años de Soledad,Gabriel García Márquez,978-0060883287,Prosa poética sobre Macondo y su mitología.,448,1967,https://amzn.to/3J6X1t2
Poesía,Top 9 libros de poesía contemporánea en español,La Casa de los Espíritus,Isabel Allende,978-1501117016,Lenguaje lírico en saga familiar chilena.,464,1982,https://amzn.to/3J6X1t2
Poesía,Top 9 libros de poesía contemporánea en español,El Otro Lado del Paraíso,Mario Benedetti,978-8426415846,Poesía sobre exilio y nostalgia.,192,1979,https://amzn.to/3J6X1t2
Poesía,Top 9 libros de poesía contemporánea en español,Antología Poética,Federico García Lorca,978-0141183993,Selección de poemas del autor granadino.,352,1940,https://amzn.to/3J6X1t2
Poesía,Top 9 libros de poesía contemporánea en español,El Libro de las Preguntas,Pablo Neruda,978-0143424696,Preguntas poéticas sobre el universo.,96,1974,https://amzn.to/3J6X1t2
Poesía,Top 9 libros de poesía contemporánea en español,Poemas Humanos,César Vallejo,978-0811217069,Poesía sobre dolor y esperanza humana.,256,1923,https://amzn.to/3J6X1t2
Poesía,Top 9 libros de poesía contemporánea en español,La Vida Nueva,Octavio Paz,978-0156001940,Poesía sobre amor y trascendencia.,224,1949,https://amzn.to/3J6X1t2
Poesía,Top 9 libros de poesía contemporánea en español,Elogio de la Sombra,Jorge Luis Borges,978-0141183849,Poesía sobre ceguera y memoria.,192,1969,https://amzn.to/3J6X1t2
Humor,Top 9 libros de humor negro,El Alquimista,Paulo Coelho,978-0062315007,Parodia de la búsqueda espiritual.,208,1988,https://amzn.to/3J6X1t2
Humor,Top 9 libros de humor negro,La Sombra del Viento,Carlos Ruiz Zafón,978-0143126392,Misterios literarios con toques de ironía.,576,2001,https://amzn.to/3J6X1t2
Humor,Top 9 libros de humor negro,El Código Da Vinci,Dan Brown,978-0307474278,Sátira sobre conspiraciones religiosas.,512,2003,https://amzn.to/3J6X1t2
Humor,Top 9 libros de humor negro,El Nombre de la Rosa,Umberto Eco,978-0544176560,Monjes medievales con humor negro.,512,1980,https://amzn.to/3J6X1t2
Humor,Top 9 libros de humor negro,El Club de la Lucha,Chuck Palahniuk,978-0393327342,Satira sobre masculinidad y violencia.,256,1996,https://amzn.to/3J6X1t2
Humor,Top 9 libros de humor negro,American Psycho,Bret Easton Ellis,978-0679735779,Humor ácido sobre consumismo y psicopatía.,416,1991,https://amzn.to/3J6X1t2
Humor,Top 9 libros de humor negro,La Historia Interminable,Michael Ende,978-0140317934,Fantasía con crítica social.,448,1979,https://amzn.to/3J6X1t2
Humor,Top 9 libros de humor negro,El Perfume,Patrick Süskind,978-0140120837,Asesino con obsesión por olores.,256,1985,https://amzn.to/3J6X1t2
Humor,Top 9 libros de humor negro,El Tunnel,Ernesto Sabato,978-0141189377,Existencialismo con toques de humor negro.,256,1948,https://amzn.to/3J6X1t2
Crónica Real,Top 9 libros de crónica periodística,A Sangre Fría,Truman Capote,978-0679745587,Asesinato en Kansas y su impacto social.,368,1966,https://amzn.to/3J6X1t2
Crónica Real,Top 9 libros de crónica periodística,Los Niños de la Colonia,Jorge Gallego,978-8425358832,Abusos en instituciones para menores.,448,2018,https://amzn.to/3J6X1t2
Crónica Real,Top 9 libros de crónica periodística,El Libro Negro de la Justicia Española,Gumersindo Lafuente,978-8499423183,Errores judiciales y corrupción.,512,2015,https://amzn.to/3J6X1t2
Crónica Real,Top 9 libros de crónica periodística,El Silencio de los Inocentes,Thomas Harris,978-0312924584,Perfil de asesinos en serie desde el FBI.,368,1988,https://amzn.to/3J6X1t2
Crónica Real,Top 9 libros de crónica periodística,El Caso Savolta,Eduardo Mendoza,978-8432216915,Anarquismo y espionaje en la Barcelona de 1917.,320,1975,https://amzn.to/3J6X1t2
Crónica Real,Top 9 libros de crónica periodística,La Ladrona de Libros,Markus Zusak,978-0375842207,Niña que roba libros en la Alemania nazi.,592,2005,https://amzn.to/3J6X1t2
Crónica Real,Top 9 libros de crónica periodística,El Arte de la Guerra,Sun Tzu,978-1590302255,Estrategia militar aplicada a negocios.,128,500 a.C.,https://amzn.to/3J6X1t2
Crónica Real,Top 9 libros de crónica periodística,La Sombra del Viento,Carlos Ruiz Zafón,978-0143126392,Misterio literario en la Barcelona posguerra.,576,2001,https://amzn.to/3J6X1t2
Crónica Real,Top 9 libros de crónica periodística,El Día Menos Pensado,Jorge Valdano,978-8466337608,Reflexiones sobre fútbol y sociedad.,256,2015,https://amzn.to/3J6X1t2
Ensayo,Top 9 ensayos filosóficos cortos,El Mito de Sísifo,Albert Camus,978-0679733737,El absurdo y la rebelión.,192,1942,https://amzn.to/3J6X1t2
Ensayo,Top 9 ensayos filosóficos cortos,El Existencialismo es un Humanismo,Jean-Paul Sartre,978-0300115468,Defensa del existencialismo.,144,1946,https://amzn.to/3J6X1t2
Ensayo,Top 9 ensayos filosóficos cortos,Meditaciones,Marco Aurelio,978-0812968255,Reflexiones estoicas del emperador romano.,256,180 d.C.,https://amzn.to/3J6X1t2
Ensayo,Top 9 ensayos filosóficos cortos,El Príncipe,Maquiavelo,978-0486272740,Manual para gobernar.,240,1513,https://amzn.to/3J6X1t2
Ensayo,Top 9 ensayos filosóficos cortos,La República,Platón,978-0872201363,Diálogo sobre justicia y Estado.,416,380 a.C.,https://amzn.to/3J6X1t2
Ensayo,Top 9 ensayos filosóficos cortos,Así Habló Zaratustra,Friedrich Nietzsche,978-0486411181,Parábolas sobre el superhombre.,352,1885,https://amzn.to/3J6X1t2
Ensayo,Top 9 ensayos filosóficos cortos,El Contrato Social,Rousseau,978-0486426921,Origen del poder político.,192,1762,https://amzn.to/3J6X1t2
Ensayo,Top 9 ensayos filosóficos cortos,Discurso del Método,René Descartes,978-0872204218,Duda y certeza en el conocimiento.,128,1637,https://amzn.to/3J6X1t2
Ensayo,Top 9 ensayos filosóficos cortos,El Manifiesto Comunista,Marx y Engels,978-0140447576,Llamado a la revolución.,96,1848,https://amzn.to/3J6X1t2
Drama,Top 9 obras de teatro clásicas,La Casa de Bernarda Alba,Federico García Lorca,978-0141180992,Represión y libertad en una familia andaluza.,128,1936,https://amzn.to/3J6X1t2
Drama,Top 9 obras de teatro clásicas,Hamlet,William Shakespeare,978-0743477123,Venganza y locura en la corte danesa.,160,1603,https://amzn.to/3J6X1t2
Drama,Top 9 obras de teatro clásicas,La Vida es Sueño,Pedro Calderón de la Barca,978-0140443714,Realidad versus ilusión.,192,1635,https://amzn.to/3J6X1t2
Drama,Top 9 obras de teatro clásicas,El Rey Lear,William Shakespeare,978-0743482769,Locura y traición en una familia real.,160,1606,https://amzn.to/3J6X1t2
Drama,Top 9 obras de teatro clásicas,Fausto,Johann Wolfgang von Goethe,978-0140449013,Pacto con el diablo y búsqueda de conocimiento.,464,1808,https://amzn.to/3J6X1t2
Drama,Top 9 obras de teatro clásicas,La Celestina,Fernando de Rojas,978-8420416336,Amor y codicia en la España medieval.,320,1499,https://amzn.to/3J6X1t2
Drama,Top 9 obras de teatro clásicas,Bodas de Sangre,Federico García Lorca,978-0141180992,Tragedia amorosa en un pueblo andaluz.,96,1933,https://amzn.to/3J6X1t2
Drama,Top 9 obras de teatro clásicas,El Avaro,Molière,978-0486272702,Avaricia y sus consecuencias.,160,1668,https://amzn.to/3J6X1t2
Drama,Top 9 obras de teatro clásicas,Tartufo,Molière,978-0486411150,Hipocresía religiosa y engaño.,128,1664,https://amzn.to/3J6X1t2
Erotismo,Top 9 libros de erotismo literario,El Amante,Marguerite Duras,978-0060973209,Relato de una pasión prohibida en la Indochina colonial.,128,1984,https://amzn.to/3J6X1t2
Erotismo,Top 9 libros de erotismo literario,Cincuenta Sombras de Grey,E.L. James,978-0345803481,Relación BDSM entre una estudiante y un empresario.,528,2011,https://amzn.to/3J6X1t2
Erotismo,Top 9 libros de erotismo literario,La Historia de O,Pauline Réage,978-0345803412,Sumisión erótica extrema en un mundo de secretos.,192,1954,https://amzn.to/3J6X1t2
Erotismo,Top 9 libros de erotismo literario,El Amante de Lady Chatterley,D.H. Lawrence,978-0141441499,Aventura extramatrimonial entre una aristócrata y su guardabosques.,384,1928,https://amzn.to/3J6X1t2
Erotismo,Top 9 libros de erotismo literario,Venus en las Pieles,Leopold von Sacher-Masoch,978-0140447811,Contrato de sumisión entre un hombre y una mujer.,160,1870,https://amzn.to/3J6X1t2
Erotismo,Top 9 libros de erotismo literario,Justine,Marqués de Sade,978-0199538884,Perversiones y castigos en la Francia del siglo XVIII.,512,1791,https://amzn.to/3J6X1t2
Erotismo,Top 9 libros de erotismo literario,El Jardín de los Perfumes,Ana María Matute,978-8432216915,Sensaciones olfativas y deseos reprimidos.,224,1976,https://amzn.to/3J6X1t2
Erotismo,Top 9 libros de erotismo literario,La Tía Julia y el Escribidor,Mario Vargas Llosa,978-0571225842,Relación entre un joven escritor y su divorciada tía.,352,1977,https://amzn.to/3J6X1t2
Erotismo,Top 9 libros de erotismo literario,El Amante Inglés,Margaret Atwood,978-0385543780,Juego de poder y seducción en la Inglaterra victoriana.,416,2016,https://amzn.to/3J6X1t2
Infantil,Top 9 libros para niños de 3-5 años,El Monstruo de Colores,Anna Llenas,978-8493987749,Identificar emociones a través de colores.,40,2012,https://amzn.to/3J6X1t2
Infantil,Top 9 libros para niños de 3-5 años,El Pequeño Vampiro,Angela Sommer-Bodenburg,978-0140317934,Amistad entre un niño y un vampiro.,144,1979,https://amzn.to/3J6X1t2
Infantil,Top 9 libros para niños de 3-5 años,Donde Viven los Monstruos,Maurice Sendak,978-0060254926,Aventuras de Max en la tierra de los monstruos.,48,1963,https://amzn.to/3J6X1t2
Infantil,Top 9 libros para niños de 3-5 años,El Principito,Antoine de Saint-Exupéry,978-0156012194,Lecciones sobre vida y amistad desde un asteroide.,96,1943,https://amzn.to/3J6X1t2
Infantil,Top 9 libros para niños de 3-5 años,El Gato Encerrado,Dr. Seuss,978-0394800012,Desorden creativo causado por a gato travieso.,72,1957,https://amzn.to/3J6X1t2
Infantil,Top 9 libros para niños de 3-5 años,La Oruga Muy Hambrienta,Eric Carle,978-0399226908,Transformación de una oruga a través de la comida.,32,1969,https://amzn.to/3J6X1t2
Infantil,Top 9 libros para niños de 3-5 años,Jorge el Curioso,H.A. Rey,978-0395150238,Travesuras de un mono en la ciudad.,64,1941,https://amzn.to/3J6X1t2
Infantil,Top 9 libros para niños de 3-5 años,Harry Potter,J.K. Rowling,978-0439708180,Descubrimiento de la magia en un mundo oculto.,320,1997,https://amzn.to/3J6X1t2
Infantil,Top 9 libros para niños de 3-5 años,Peter Pan,James Matthew Barrie,978-0451528810,Aventuras en el País de Nunca Jamás.,192,1911,https://amzn.to/3J6X1t2
Aventura,Top 9 libros de aventuras en la selva,El Señor de los Anillos,J.R.R. Tolkien,978-0544003415,Épica para destruir un anillo maligno.,1216,1954,https://amzn.to/3J6X1t2
Aventura,Top 9 libros de aventuras en la selva,El Libro de la Selva,Rudyard Kipling,978-0062389503,Niño criado por lobos en la India.,192,1894,https://amzn.to/3J6X1t2
Aventura,Top 9 libros de aventuras en la selva,Las Aventuras de Tom Sawyer,Mark Twain,978-0486400778,Travesuras de un niño en el Mississippi.,288,1876,https://amzn.to/3J6X1t2
Aventura,Top 9 libros de aventuras en la selva,Robinson Crusoe,Daniel Defoe,978-0141439822,Sobrevivencia en una isla desierta.,320,1719,https://amzn.to/3J6X1t2
Aventura,Top 9 libros de aventuras en la selva,La Isla Misteriosa,Julio Verne,978-0140447361,Colonos escapados en una isla secreta.,624,1874,https://amzn.to/3J6X1t2
Aventura,Top 9 libros de aventuras en la selva,El Tesoro de la Sierra Madre,B. Traven,978-0802143188,Búsqueda de oro en la selva mexicana.,320,1927,https://amzn.to/3J6X1t2
Aventura,Top 9 libros de aventuras en la selva,El Coronel No Tiene Quien le Escriba,Gabriel García Márquez,978-0060883287,Vida de un coronel en un pueblo olvidado.,192,1961,https://amzn.to/3J6X1t2
Aventura,Top 9 libros de aventuras en la selva,La Aventura de los Vampiros,Bram Stoker,978-0486411095,Caza de vampiros en Transilvania.,448,1897,https://amzn.to/3J6X1t2
Aventura,Top 9 libros de aventuras en la selva,El Hombre que Calculaba,Malba Tahan,978-8479028319,Resolución de enigmas matemáticos en viajes.,256,1949,https://amzn.to/3J6X1t2
Misterio,Top 9 novelas policíacas clásicas,El Padrino,Mario Puzo,978-0451205766,Familia mafiosa y su lucha por el poder.,448,1969,https://amzn.to/3J6X1t2
Misterio,Top 9 novelas policíacas clásicas,El Caso del Cliente de las Ocho,Agatha Christie,978-0002314572,Hércules Poirot resuelve 9 crímenes.,256,1934,https://amzn.to/3J6X1t2
Misterio,Top 9 novelas policíacas clásicas,El Perro de los Baskerville,Arthur Conan Doyle,978-0140437867,Holmes investiga una maldición familiar.,256,1902,https://amzn.to/3J6X1t2
Misterio,Top 9 novelas policíacas clásicas,El Nombre de la Rosa,Umberto Eco,978-0544176560,Asesinatos en un monasterio medieval.,512,1980,https://amzn.to/3J6X1t2
Misterio,Top 9 novelas policíacas clásicas,Rebecca,Daphne du Maurier,978-0380730407,Misterio en torno a la primera esposa de Maxim.,384,1938,https://amzn.to/3J6X1t2
Misterio,Top 9 novelas policíacas clásicas,El Gato Negro,Edgar Allan Poe,978-0486277868,Locura y venganza de un gato.,64,1843,https://amzn.to/3J6X1t2
Misterio,Top 9 novelas policíacas clásicas,La Sombra del Viento,Carlos Ruiz Zafón,978-0143126392,Misterio literario en la Barcelona posguerra.,576,2001,https://amzn.to/3J6X1t2
Misterio,Top 9 novelas policíacas clásicas,El Código Da Vinci,Dan Brown,978-0307474278,Símbolos religiosos y un asesinato.,512,2003,https://amzn.to/3J6X1t2
Misterio,Top 9 novelas policíacas clásicas,El Secreto de la Modelo,Agatha Christie,978-0002314572,Asesinato en un desfile de moda.,288,1929,https://amzn.to/3J6X1t2
Ciencia Ficción,Top 9 libros de ciencia ficción cortos,Yo, Robot,Isaac Asimov,978-0553294385,Relatos sobre las tres leyes de la robótica.,256,1950,https://amzn.to/3J6X1t2
Ciencia Ficción,Top 9 libros de ciencia ficción cortos,Fundación,Isaac Asimov,978-0553293357,Decadencia y resurgimiento de un imperio galáctico.,256,1951,https://amzn.to/3J6X1t2
Ciencia Ficción,Top 9 libros de ciencia ficción cortos,Dune,Frank Herbert,978-0441172719,Lucha por el control del planeta Arrakis.,688,1965,https://amzn.to/3J6X1t2
Ciencia Ficción,Top 9 libros de ciencia ficción cortos,El Juego de Ender,Orson Scott Card,978-0812550702,Niños entrenados para salvar a la humanidad.,352,1985,https://amzn.to/3J6X1t2
Ciencia Ficción,Top 9 libros de ciencia ficción cortos,Neuromante,William Gibson,978-0441569595,Ciberespacio y realidad virtual.,320,1984,https://amzn.to/3J6X1t2
Ciencia Ficción,Top 9 libros de ciencia ficción cortos,Fahrenheit 451,Ray Bradbury,978-1451673319,Sociedad donde los libros están prohibidos.,192,1953,https://amzn.to/3J6X1t2
Ciencia Ficción,Top 9 libros de ciencia ficción cortos,Un Mundo Feliz,Aldous Huxley,978-0060850524,Sociedad controlada por ingeniería genética.,288,1932,https://amzn.to/3J6X1t2
Ciencia Ficción,Top 9 libros de ciencia ficción cortos,La Guerra de los Mundos,H.G. Wells,978-0451530653,Invasión marciana a la Tierra.,192,1898,https://amzn.to/3J6X1t2
Ciencia Ficción,Top 9 libros de ciencia ficción cortos,El Hombre Ilustrado,Ray Bradbury,978-1451673319,Relatos sobre fantasías y pesadillas.,192,1951,https://amzn.to/3J6X1t2
Fantasía,Top 9 sagas de fantasía épica,El Señor de los Anillos,J.R.R. Tolkien,978-0544003415,Guerra por el Anillo Único en la Tierra Media.,1216,1954,https://amzn.to/3J6X1t2
Fantasía,Top 9 sagas de fantasía épica,Canción de Hielo y Fuego,George R.R. Martin,978-0553582017,Lucha por el Trono de Hierro en Poniente.,832,1996,https://amzn.to/3J6X1t2
Fantasía,Top 9 sagas de fantasía épica,La Rueda del Tiempo,Robert Jordan,978-0812511819,Profecías y batallas en un mundo mágico.,832,1990,https://amzn.to/3J6X1t2
Fantasía,Top 9 sagas de fantasía épica,Crónicas de Narnia,C.S. Lewis,978-0064471190,Aventuras en un mundo mágico a través de un armario.,784,1950,https://amzn.to/3J6X1t2
Fantasía,Top 9 sagas de fantasía épica,Harry Potter,J.K. Rowling,978-0439708180,Magia y hechicería en Hogwarts.,320,1997,https://amzn.to/3J6X1t2
Fantasía,Top 9 sagas de fantasía épica,El Legado,Christopher Paolini,978-0375826702,Jinete y su dragón en un mundo de magia.,768,2003,https://amzn.to/3J6X1t2
Fantasía,Top 9 sagas de fantasía épica,Mistborn,Brandon Sanderson,978-0765311788,Sistema de magia basado en metales.,704,2006,https://amzn.to/3J6X1t2
Fantasía,Top 9 sagas de fantasía épica,La Tierra Media,J.R.R. Tolkien,978-0544003415,Mitología y historia de la Tierra Media.,1216,1977,https://amzn.to/3J6X1t2
Fantasía,Top 9 sagas de fantasía épica,La Torre Oscura,Stephen King,978-1501143519,Pistolero en un mundo que mezcla fantasía y western.,448,1982,https://amzn.to/3J6X1t2
Novela Romántica,Top 9 novelas románticas históricas,Orgullo y Prejuicio,Jane Austen,978-0141439518,Amor y malentendidos en la Inglaterra georgiana.,432,1813,https://amzn.to/3J6X1t2
Novela Romántica,Top 9 novelas románticas históricas,Jane Eyre,Charlotte Brontë,978-0141441146,Gobernanta y su misterioso empleador.,544,1847,https://amzn.to/3J6X1t2
Novela Romántica,Top 9 novelas románticas históricas,Lo que el Viento se Llevó,Margaret Mitchell,978-1416548942,Amor y guerra en la Atlanta de la Guerra Civil.,1056,1936,https://amzn.to/3J6X1t2
Novela Romántica,Top 9 novelas románticas históricas,La Dama de las Camelias,Alexandre Dumas,978-0140447163,Amor prohibido entre una cortesana y un joven.,192,1848,https://amzn.to/3J6X1t2
Novela Romántica,Top 9 novelas románticas históricas,Anna Karenina,León Tolstói,978-0143035008,Adulterio y consecuencias en la Rusia zarista.,864,1877,https://amzn.to/3J6X1t2
Novela Romántica,Top 9 novelas románticas históricas,Cumbres Borrascosas,Emily Brontë,978-0141439556,Pasión destructiva en los páramos ingleses.,448,1847,https://amzn.to/3J6X1t2
Novela Romántica,Top 9 novelas románticas históricas,El Gran Gatsby,F. Scott Fitzgerald,978-0743273565,American Dream y amor imposible en los años 20.,192,1925,https://amzn.to/3J6X1t2
Novela Romántica,Top 9 novelas románticas históricas,La Casa de los Espíritus,Isabel Allende,978-1501117016,Saga familiar en el Chile del siglo XX.,464,1982,https://amzn.to/3J6X1t2
Novela Romántica,Top 9 novelas románticas históricas,El Amante,Marguerite Duras,978-0060973209,Pasión juvenil en la Indochina colonial.,128,1984,https://amzn.to/3J6X1t2
No Ficción,Top 9 libros de no ficción impactantes,Sapiens,Yuval Noah Harari,978-0062316097,Breve historia de la humanidad.,464,2011,https://amzn.to/3J6X1t2
No Ficción,Top 9 libros de no ficción impactantes,Homo Deus,Yuval Noah Harari,978-0062464316,Futuro de la humanidad con tecnología.,464,2015,https://amzn.to/3J6X1t2
No Ficción,Top 9 libros de no ficción impactantes,21 Lecciones para el Siglo XXI,Yuval Noah Harari,978-0525512172,Desafíos actuales de la humanidad.,432,2018,https://amzn.to/3J6X1t2
No Ficción,Top 9 libros de no ficción impactantes,El Cerebro de Broca,Carl Sagan,978-0345336897,Reflexiones sobre ciencia y evolución.,352,1979,https://amzn.to/3J6X1t2
No Ficción,Top 9 libros de no ficción impactantes,Cosmos,Carl Sagan,978-0345539434,Viaje por el universo y sus misterios.,384,1980,https://amzn.to/3J6X1t2
No Ficción,Top 9 libros de no ficción
